{"cameraMode":{"drawMode":0,"name":"Shaded","section":"Shading Mode"},"sceneLighting":true,"audioPlay":false,"sceneViewState":{"showFog":true,"showMaterialUpdate":false,"showSkybox":true,"showFlares":true,"showImageEffects":true,"showParticleSystems":true},"in2DMode":false,"pivot":{"x":-333.388916015625,"y":-183.0804901123047,"z":270.2950744628906},"rotation":{"x":0.17075131833553315,"y":-0.45133349299430849,"z":0.08843965083360672,"w":0.8714001774787903},"size":507.02142333984377,"orthographic":false}