{"cameraMode":{"drawMode":0,"name":"Shaded","section":"Shading Mode"},"sceneLighting":false,"audioPlay":false,"sceneViewState":{"showFog":true,"showMaterialUpdate":false,"showSkybox":false,"showFlares":true,"showImageEffects":true,"showParticleSystems":true},"in2DMode":false,"pivot":{"x":1.6535968780517579,"y":1.341050148010254,"z":-5.4365620613098148},"rotation":{"x":0.11488554626703263,"y":0.7490541338920593,"z":-0.13460904359817506,"w":0.6385250091552734},"size":4.041658401489258,"orthographic":false}